Date/Time,Electricity:Facility [J](Hourly),Fans:Electricity [J](Hourly),Cooling:Electricity [J](Hourly),Heating:Electricity [J](Hourly),InteriorLights:Electricity [J](Hourly),InteriorEquipment:Electricity [J](Hourly),NaturalGas:Facility [J](Hourly),Heating:NaturalGas [J](Hourly),Water Heater:WaterSystems:NaturalGas [J](Hourly),Electricity:Facility [J](Monthly),NaturalGas:Facility [J](Monthly),CO2:Facility [kg](Monthly),CO:Facility [kg](Monthly),CH4:Facility [kg](Monthly),NOx:Facility [kg](Monthly),N2O:Facility [kg](Monthly),SO2:Facility [kg](Monthly),PM:Facility [kg](Monthly),PM10:Facility [kg](Monthly),PM2.5:Facility [kg](Monthly),NH3:Facility [kg](Monthly),NMVOC:Facility [kg](Monthly),Hg:Facility [kg](Monthly),Pb:Facility [kg](Monthly),WaterEnvironmentalFactors:Facility [L](Monthly),Nuclear High:Facility [kg](Monthly),Nuclear Low:Facility [m3](Monthly),Carbon Equivalent:Facility [kg](Monthly) 
 01/21  01:00:00,14379513.154973743,6088713.154959202,0.0,0.0,0.0,0.0,100874639.03344801,100802639.03344801,72000.0 
 01/21  02:00:00,13161770.523981903,4870970.523967361,0.0,0.0,0.0,0.0,78604301.0688861,76973197.85785857,1631103.211027542 
 01/21  03:00:00,14379513.154973743,6088713.154959202,0.0,0.0,0.0,0.0,99017663.95212719,98945663.95212719,72000.0 
 01/21  04:00:00,13161770.523981903,4870970.523967361,0.0,0.0,0.0,0.0,75788359.77814573,74157261.35038118,1631098.4277645487 
 01/21  05:00:00,14379513.154973743,6088713.154959202,0.0,0.0,0.0,0.0,99969444.68768913,98338325.52950534,1631119.1581837928 
 01/21  06:00:00,13161770.523981903,4870970.523967361,0.0,0.0,0.0,0.0,76844424.64303942,75213270.71843684,1631153.9246025882 
 01/21  07:00:00,15597255.785965584,7306455.785951043,0.0,0.0,0.0,0.0,83033676.60316812,82961676.60316812,72000.0 
 01/21  08:00:00,8688255.78596558,7306455.785951043,0.0,0.0,0.0,0.0,134024627.02545439,132393505.08003597,1631121.945418428 
 01/21  09:00:00,7306455.78596558,7306455.785951043,0.0,0.0,0.0,0.0,137942188.67961988,136311001.85692236,1631186.8226975207 
 01/21  10:00:00,7306455.78596558,7306455.785951043,0.0,0.0,0.0,0.0,135358642.2084445,133727400.49259606,1631241.7158484631 
 01/21  11:00:00,7306455.78596558,7306455.785951043,0.0,0.0,0.0,0.0,130356194.45978725,130284194.45978725,72000.0 
 01/21  12:00:00,7306455.78596558,7306455.785951043,0.0,0.0,0.0,0.0,129127243.39491177,127495983.94948179,1631259.445429973 
 01/21  13:00:00,7306455.78596558,7306455.785951043,0.0,0.0,0.0,0.0,129532924.52541094,127901778.48857383,1631146.036837089 
 01/21  14:00:00,7306455.78596558,7306455.785951043,0.0,0.0,0.0,0.0,133668342.17089693,132037193.34504358,1631148.8258533452 
 01/21  15:00:00,7306455.78596558,7306455.785951043,0.0,0.0,0.0,0.0,133683781.10360298,132052685.52116606,1631095.5824369392 
 01/21  16:00:00,7306455.78596558,7306455.785951043,0.0,0.0,0.0,0.0,132931268.89901401,131300139.7838977,1631129.115116301 
 01/21  17:00:00,10070055.78596558,7306455.785951043,0.0,0.0,0.0,0.0,125334416.80671155,125262416.80671155,72000.0 
 01/21  18:00:00,15597255.785965584,7306455.785951043,0.0,0.0,0.0,0.0,128336056.02005108,126704929.39780496,1631126.6222461185 
 01/21  19:00:00,14135964.628775375,5845164.628760833,0.0,0.0,0.0,0.0,83694344.01140545,82063297.22727174,1631046.7841337281 
 01/21  20:00:00,13161770.523981903,4870970.523967361,0.0,0.0,0.0,0.0,73436405.94704337,71805259.39204541,1631146.5549979683 
 01/21  21:00:00,14379513.154973743,6088713.154959202,0.0,0.0,0.0,0.0,96487754.97861952,96415754.97861952,72000.0 
 01/21  22:00:00,13161770.523981903,4870970.523967361,0.0,0.0,0.0,0.0,75605578.82390103,73974423.50623506,1631155.317665971 
 01/21  23:00:00,14379513.154973743,6088713.154959202,0.0,0.0,0.0,0.0,99537749.69675195,97906632.4118257,1631117.2849262436 
 01/21  24:00:00,13161770.523981903,4870970.523967361,0.0,0.0,0.0,0.0,74918702.11067693,74846702.11067693,72000.0,273408622.9791221,2568108730.628806,227.22219133772694,0.1348938010374133,0.20701311834446676,0.2915863881763524,0.004917119679742929,0.5125091953567257,0.0,0.013974086296564353,0.0,0.0,0.009488797655098448,0.0000018268112940790694,0.000008142298705983955,117.8269771611414,0.0,0.0,63.658968069048036 
 07/21  01:00:00,59600151.33551228,5421579.884898916,6287385.357798815,0.0,19800193.046400003,19800193.046400003,72000.0,0.0,72000.0 
 07/21  02:00:00,58819968.20945535,5375014.899360215,5553767.217280586,0.0,19800193.046400003,19800193.046400003,1631072.9881678482,0.0,1631072.9881678482 
 07/21  03:00:00,59670521.29400946,5584668.779566348,6194666.421628563,0.0,19800193.046400003,19800193.046400003,72000.0,0.0,72000.0 
 07/21  04:00:00,58582634.63220126,5375014.899360215,5316433.6400265,0.0,19800193.046400003,19800193.046400003,1631022.3970545481,0.0,1631022.3970545481 
 07/21  05:00:00,55248493.19981611,5584668.779566348,5918038.3274352085,0.0,19800193.046400003,19800193.046400003,1631101.6189280383,0.0,1631101.6189280383 
 07/21  06:00:00,50634078.90542554,5375014.899360215,5658677.913250788,0.0,19800193.046400003,19800193.046400003,72000.0,0.0,72000.0 
 07/21  07:00:00,64720515.85242811,7306455.785951043,17813673.97366252,0.0,19800193.046400003,19800193.046400003,1631108.816058453,0.0,1631108.816058453 
 07/21  08:00:00,64873783.38035683,7306455.785951043,17966941.501591258,0.0,19800193.046400003,19800193.046400003,1631183.0333984194,0.0,1631183.0333984194 
 07/21  09:00:00,66100414.51989008,7306455.785951043,19193572.641124494,0.0,19800193.046400003,19800193.046400003,1631284.663616098,0.0,1631284.663616098 
 07/21  10:00:00,67633330.44378944,7306455.785951043,20726488.56502387,0.0,19800193.046400003,19800193.046400003,1631286.752945253,0.0,1631286.752945253 
 07/21  11:00:00,68928748.38319136,7306455.785951043,22021906.504425775,0.0,19800193.046400003,19800193.046400003,1631283.6155678895,0.0,1631283.6155678895 
 07/21  12:00:00,70257814.04394642,7306455.785951043,23350972.165180843,0.0,19800193.046400003,19800193.046400003,1631340.1601672438,0.0,1631340.1601672438 
 07/21  13:00:00,71006202.17693527,7306455.785951043,24099360.298169702,0.0,19800193.046400003,19800193.046400003,1631305.4301298363,0.0,1631305.4301298363 
 07/21  14:00:00,71729493.66111179,7306455.785951043,24822651.78234622,0.0,19800193.046400003,19800193.046400003,1631204.333540936,0.0,1631204.333540936 
 07/21  15:00:00,72332344.30502155,7306455.785951043,25425502.426255964,0.0,19800193.046400003,19800193.046400003,1631266.2860659403,0.0,1631266.2860659403 
 07/21  16:00:00,72361517.16965336,7306455.785951043,25454675.290887777,0.0,19800193.046400003,19800193.046400003,1631271.8163639822,0.0,1631271.8163639822 
 07/21  17:00:00,71778255.738629,7306455.785951043,24871413.859863427,0.0,19800193.046400003,19800193.046400003,1631320.2853261114,0.0,1631320.2853261114 
 07/21  18:00:00,70783992.15723494,7306455.785951043,23877150.27846936,0.0,19800193.046400003,19800193.046400003,1631214.7724171083,0.0,1631214.7724171083 
 07/21  19:00:00,68773400.52116682,7306455.785951043,21866558.642401233,0.0,19800193.046400003,19800193.046400003,72000.0,0.0,72000.0 
 07/21  20:00:00,73349242.51071022,7306455.785951043,19533400.631944627,0.0,19800193.046400003,19800193.046400003,1631161.3499231592,0.0,1631161.3499231592 
 07/21  21:00:00,73621747.87117904,7306455.785951043,18424105.992413443,0.0,19800193.046400003,19800193.046400003,1631126.0862268384,0.0,1631126.0862268384 
 07/21  22:00:00,72761527.84170008,7306455.785951043,17563885.962934494,0.0,19800193.046400003,19800193.046400003,72000.0,0.0,72000.0 
 07/21  23:00:00,53924334.48020001,2299932.2516082902,3733216.135777168,0.0,19800193.046400003,19800193.046400003,1631115.56218653,0.0,1631115.56218653 
 07/21  24:00:00,59053299.532005765,5375014.899360215,5787098.539830998,0.0,19800193.046400003,19800193.046400003,1631066.1016454818,0.0,1631066.1016454818,1576545812.1655698,31352736.06972972,540.3391815662081,0.1882293074920187,1.1780282647503484,0.9824097887455154,0.012689743680299112,2.9513021629072145,0.0,0.027528687996049607,0.0,0.0,0.016146832467109153,0.000008893621988505388,0.000043803120794742394,679.4212464093008,0.0,0.0,155.76432018543272 
