Date/Time,Environment:Site Outdoor Air Drybulb Temperature [C](Hourly),Environment:Site Outdoor Air Humidity Ratio [kgWater/kgDryAir](Hourly),Environment:Site Outdoor Air Relative Humidity [%](Hourly),ATTIC:Zone Mean Air Temperature [C](Hourly),CORE_ZN:Zone Mean Air Temperature [C](Hourly),PERIMETER_ZN_1:Zone Mean Air Temperature [C](Hourly),PERIMETER_ZN_2:Zone Mean Air Temperature [C](Hourly),PERIMETER_ZN_3:Zone Mean Air Temperature [C](Hourly),PERIMETER_ZN_4:Zone Mean Air Temperature [C](Hourly),PSZ-AC:1:Air System Simulation Cycle On Off Status [](Hourly),PSZ-AC:2:Air System Simulation Cycle On Off Status [](Hourly),PSZ-AC:3:Air System Simulation Cycle On Off Status [](Hourly),PSZ-AC:4:Air System Simulation Cycle On Off Status [](Hourly),PSZ-AC:5:Air System Simulation Cycle On Off Status [](Hourly),PSZ-AC:1:Air System Outdoor Air Economizer Status [](Hourly),PSZ-AC:1:Air System Outdoor Air Flow Fraction [](Hourly),PSZ-AC:2:Air System Outdoor Air Economizer Status [](Hourly),PSZ-AC:2:Air System Outdoor Air Flow Fraction [](Hourly),PSZ-AC:3:Air System Outdoor Air Economizer Status [](Hourly),PSZ-AC:3:Air System Outdoor Air Flow Fraction [](Hourly),PSZ-AC:4:Air System Outdoor Air Economizer Status [](Hourly),PSZ-AC:4:Air System Outdoor Air Flow Fraction [](Hourly),PSZ-AC:5:Air System Outdoor Air Economizer Status [](Hourly),PSZ-AC:5:Air System Outdoor Air Flow Fraction [](Hourly),PSZ-AC:1:Air System Total Heating Energy [J](Hourly),PSZ-AC:1:Air System Total Cooling Energy [J](Hourly),PSZ-AC:1:Air System Fan Electricity Energy [J](Hourly),PSZ-AC:2:Air System Total Heating Energy [J](Hourly),PSZ-AC:2:Air System Total Cooling Energy [J](Hourly),PSZ-AC:2:Air System Fan Electricity Energy [J](Hourly),PSZ-AC:3:Air System Total Heating Energy [J](Hourly),PSZ-AC:3:Air System Total Cooling Energy [J](Hourly),PSZ-AC:3:Air System Fan Electricity Energy [J](Hourly),PSZ-AC:4:Air System Total Heating Energy [J](Hourly),PSZ-AC:4:Air System Total Cooling Energy [J](Hourly),PSZ-AC:4:Air System Fan Electricity Energy [J](Hourly),PSZ-AC:5:Air System Total Heating Energy [J](Hourly),PSZ-AC:5:Air System Total Cooling Energy [J](Hourly),PSZ-AC:5:Air System Fan Electricity Energy [J](Hourly),Electricity:Facility [J](Hourly),Fans:Electricity [J](Hourly),Cooling:Electricity [J](Hourly),Heating:Electricity [J](Hourly),InteriorLights:Electricity [J](Hourly),InteriorEquipment:Electricity [J](Hourly),NaturalGas:Facility [J](Hourly),Heating:NaturalGas [J](Hourly),Water Heater:WaterSystems:NaturalGas [J](Hourly),Electricity:Facility [J](Monthly),NaturalGas:Facility [J](Monthly),CO2:Facility [kg](Monthly),CO:Facility [kg](Monthly),CH4:Facility [kg](Monthly),NOx:Facility [kg](Monthly),N2O:Facility [kg](Monthly),SO2:Facility [kg](Monthly),PM:Facility [kg](Monthly),PM10:Facility [kg](Monthly),PM2.5:Facility [kg](Monthly),NH3:Facility [kg](Monthly),NMVOC:Facility [kg](Monthly),Hg:Facility [kg](Monthly),Pb:Facility [kg](Monthly),WaterEnvironmentalFactors:Facility [L](Monthly),Nuclear High:Facility [kg](Monthly),Nuclear Low:Facility [m3](Monthly),Carbon Equivalent:Facility [kg](Monthly) 
 01/21  01:00:00,-20.599999999999998,0.0006125752582689679,100.0,-22.47458260935153,20.649425353542046,20.405099887019407,20.410875754628524,20.44550061914784,20.411413563565436,1.666666666666667,1.666666666666667,1.666666666666667,1.666666666666667,1.666666666666667,0.0,0.0,0.0,0.0,0.0,0.0,0.0,0.0,0.0,0.0,17182350.330668602,0.0,1121254.2828735162,21477244.156766176,0.0,1258543.8408463085,13698111.096723938,0.0,1224070.2851156767,20688311.935409416,0.0,1261678.0361179602,13684806.862149484,0.0,1223166.7100057397,14379513.154973743,6088713.154959202,0.0,0.0,0.0,0.0,100874639.03344801,100802639.03344801,72000.0 
 01/21  02:00:00,-20.599999999999998,0.0006125752582689679,100.0,-22.474752054846444,20.31296509161538,19.91605418293791,19.88912149052496,19.96387878270879,19.890080308371413,1.3333333333333333,1.3333333333333333,1.3333333333333333,1.3333333333333333,1.3333333333333333,0.0,0.0,0.0,0.0,0.0,0.0,0.0,0.0,0.0,0.0,12976838.143388178,0.0,897003.426298813,16534142.620048698,0.0,1006835.0726770469,10518525.92553623,0.0,979256.2280925413,15911687.754375257,0.0,1009342.4288943682,10508334.366905857,0.0,978533.3680045917,13161770.523981903,4870970.523967361,0.0,0.0,0.0,0.0,78604301.0688861,76973197.85785857,1631103.211027542 
 01/21  03:00:00,-20.599999999999998,0.0006125752582689679,100.0,-22.475147318210066,20.31817974280143,20.40056463481508,20.40835217220806,20.441069244518946,20.4088916504579,1.666666666666667,1.666666666666667,1.666666666666667,1.666666666666667,1.666666666666667,0.0,0.0,0.0,0.0,0.0,0.0,0.0,0.0,0.0,0.0,15381336.58400654,0.0,1121254.2828735162,21572033.005039535,0.0,1258543.8408463085,13762399.055033425,0.0,1224070.2851156767,20780428.80153717,0.0,1261678.0361179602,13749046.871044286,0.0,1223166.7100057397,14379513.154973743,6088713.154959202,0.0,0.0,0.0,0.0,99017663.95212719,98945663.95212719,72000.0 
 01/21  04:00:00,-20.599999999999998,0.0006125752582689679,100.0,-22.47570549537818,19.430782389904028,19.90748945640504,19.88260402340408,19.95543633611867,19.883565310187432,1.3333333333333333,1.3333333333333333,1.3333333333333333,1.3333333333333333,1.3333333333333333,0.0,0.0,0.0,0.0,0.0,0.0,0.0,0.0,0.0,0.0,10367630.62659128,0.0,897003.426298813,16646474.442669123,0.0,1006835.0726770469,10585606.0468836,0.0,979256.2280925413,16021691.448909584,0.0,1009342.4288943682,10575377.039218726,0.0,978533.3680045917,13161770.523981903,4870970.523967361,0.0,0.0,0.0,0.0,75788359.77814573,74157261.35038118,1631098.4277645487 
 01/21  05:00:00,-20.599999999999998,0.0006125752582689679,100.0,-22.47637494600561,19.702097310162824,20.392076064061197,20.404214704123834,20.43266154299589,20.404755421428572,1.666666666666667,1.666666666666667,1.666666666666667,1.666666666666667,1.666666666666667,0.0,0.0,0.0,0.0,0.0,0.0,0.0,0.0,0.0,0.0,14345979.686727583,0.0,1121254.2828735162,21745865.103702206,0.0,1258543.8408463085,13864658.236077093,0.0,1224070.2851156767,20951606.669235673,0.0,1261678.0361179602,13851263.882820923,0.0,1223166.7100057397,14379513.154973743,6088713.154959202,0.0,0.0,0.0,0.0,99969444.68768913,98338325.52950534,1631119.1581837928 
 01/21  06:00:00,-20.599999999999998,0.0006125752582689679,100.0,-22.477108433179854,19.41078295502481,19.89984537266828,19.87699326568409,19.947845811311797,19.87795594382254,1.3333333333333333,1.3333333333333333,1.3333333333333333,1.3333333333333333,1.3333333333333333,0.0,0.0,0.0,0.0,0.0,0.0,0.0,0.0,0.0,0.0,10861489.965919768,0.0,897003.426298813,16757656.480106125,0.0,1006835.0726770469,10650631.901240647,0.0,979256.2280925413,16131431.351736644,0.0,1009342.4288943682,10640377.39971364,0.0,978533.3680045917,13161770.523981903,4870970.523967361,0.0,0.0,0.0,0.0,76844424.64303942,75213270.71843684,1631153.9246025882 
 01/21  07:00:00,-20.599999999999998,0.0006125752582689679,100.0,-22.47790800678179,19.98942624186593,20.968516029174666,20.941476088657648,20.969549938830127,20.941577940012042,0.0,0.0,0.0,0.0,0.0,0.0,0.0,0.0,0.0,0.0,0.0,0.0,0.0,0.0,0.0,8671107.51576193,0.0,1345505.1394482194,20296510.136154436,0.0,1510252.6090155703,12688601.000750782,0.0,1468884.342138812,19345216.992344208,0.0,1514013.6433415522,12674361.423474198,0.0,1467800.0520068877,15597255.785965584,7306455.785951043,0.0,0.0,0.0,0.0,83033676.60316812,82961676.60316812,72000.0 
 01/21  08:00:00,-20.599999999999998,0.0006125752582689679,100.0,-22.478751459129995,20.000085294707603,20.999999601210373,20.99998889999344,20.99999960061007,20.9999889577625,0.0,0.0,0.0,0.0,0.0,0.0,0.2499727716294519,0.0,0.1688242294436417,0.0,0.10296919877643194,0.0,0.16840484503136274,0.0,0.10304526396390266,20865264.257005166,0.0,1345505.1394482194,28937903.790826537,0.0,1510252.6090155703,17682305.776122868,0.0,1468884.342138812,28066771.07459337,0.0,1514013.6433415522,17669014.951431867,0.0,1467800.0520068877,8688255.78596558,7306455.785951043,0.0,0.0,0.0,0.0,134024627.02545439,132393505.08003597,1631121.945418428 
 01/21  09:00:00,-20.599999999999998,0.0006125752582689679,100.0,-22.47964288631078,20.996380843456752,20.99999999999725,20.99999999923033,20.99999999999717,20.99999999923664,0.0,0.0,0.0,0.0,0.0,0.0,0.2499727716294519,0.0,0.1688242294436417,0.0,0.10296919877643194,0.0,0.16840484503136274,0.0,0.10304526396390266,25389974.368724477,0.0,1345505.1394482194,28513978.60492009,0.0,1510252.6090155703,17405567.73346925,0.0,1468884.342138812,27653263.01267685,0.0,1514013.6433415522,17392473.55169827,0.0,1467800.0520068877,7306455.78596558,7306455.785951043,0.0,0.0,0.0,0.0,137942188.67961988,136311001.85692236,1631186.8226975207 
 01/21  10:00:00,-20.599999999999998,0.0006125752582689679,100.0,-22.48057184711133,21.000172052603983,21.0,20.999999999999975,21.0,20.999999999999975,0.0,0.0,0.0,0.0,0.0,0.0,0.2499727716294519,0.0,0.1688242294436417,0.0,0.10296919877643194,0.0,0.16840484503136274,0.0,0.10304526396390266,24159706.811775517,0.0,1345505.1394482194,28251159.980898343,0.0,1510252.6090155703,17247314.434747253,0.0,1468884.342138812,27395881.399466906,0.0,1514013.6433415522,17234313.55313986,0.0,1467800.0520068877,7306455.78596558,7306455.785951043,0.0,0.0,0.0,0.0,135358642.2084445,133727400.49259606,1631241.7158484631 
 01/21  11:00:00,-20.599999999999998,0.0006125752582689679,100.0,-22.48141475584221,20.67055137497187,21.0,21.0,21.0,21.0,0.0,0.0,0.0,0.0,0.0,0.0,0.2499727716294519,0.0,0.1688242294436417,0.0,0.10296919877643194,0.0,0.16840484503136277,0.0,0.10304526396390268,21869725.764050543,0.0,1345505.1394482194,28106167.154115535,0.0,1510252.6090155703,17158316.358000074,0.0,1468884.342138812,27254230.444054373,0.0,1514013.6433415522,17145371.633560322,0.0,1467800.0520068877,7306455.78596558,7306455.785951043,0.0,0.0,0.0,0.0,130356194.45978725,130284194.45978725,72000.0 
 01/21  12:00:00,-20.599999999999998,0.0006125752582689679,100.0,-22.48206727225192,20.000137832416296,21.0,21.0,21.0,21.0,0.0,0.0,0.0,0.0,0.0,0.0,0.2499727716294519,0.0,0.1688242294436417,0.0,0.10296919877643194,0.0,0.16840484503136274,0.0,0.10304526396390266,19752735.26586974,0.0,1345505.1394482194,28076454.03396491,0.0,1510252.6090155703,17130308.21557236,0.0,1468884.342138812,27226347.264760867,0.0,1514013.6433415522,17117398.16536861,0.0,1467800.0520068877,7306455.78596558,7306455.785951043,0.0,0.0,0.0,0.0,129127243.39491177,127495983.94948179,1631259.445429973 
 01/21  13:00:00,-20.599999999999998,0.0006125752582689679,100.0,-22.48241580424599,20.00015196848621,21.0,21.0,21.0,21.0,0.0,0.0,0.0,0.0,0.0,0.0,0.2499727716294519,0.0,0.1688242294436417,0.0,0.10296919877643194,0.0,0.16840484503136274,0.0,0.10304526396390266,20129406.54516749,0.0,1345505.1394482194,28064807.15827857,0.0,1510252.6090155703,17115044.364122935,0.0,1468884.342138812,27216456.79332145,0.0,1514013.6433415522,17102163.71591967,0.0,1467800.0520068877,7306455.78596558,7306455.785951043,0.0,0.0,0.0,0.0,129532924.52541094,127901778.48857383,1631146.036837089 
 01/21  14:00:00,-20.599999999999998,0.0006125752582689679,100.0,-22.482440826598225,20.663082234769465,21.0,21.0,21.0,21.0,0.0,0.0,0.0,0.0,0.0,0.0,0.2499727716294519,0.0,0.1688242294436417,0.0,0.10296919877643194,0.0,0.16840484503136277,0.0,0.10304526396390266,23599886.844446022,0.0,1345505.1394482194,28014784.742059827,0.0,1510252.6090155703,17083018.230677694,0.0,1468884.342138812,27168354.556308694,0.0,1514013.6433415522,17070166.08849367,0.0,1467800.0520068877,7306455.78596558,7306455.785951043,0.0,0.0,0.0,0.0,133668342.17089693,132037193.34504358,1631148.8258533452 
 01/21  15:00:00,-20.599999999999998,0.0006125752582689679,100.0,-22.48218884904647,21.000197292522284,21.0,21.0,21.0,21.0,0.0,0.0,0.0,0.0,0.0,0.0,0.2499727716294519,0.0,0.1688242294436417,0.0,0.10296919877643194,0.0,0.16840484503136274,0.0,0.10304526396390266,24008646.120892342,0.0,1345505.1394482194,27885324.9935046,0.0,1510252.6090155703,17013116.96884946,0.0,1468884.342138812,27041220.317364853,0.0,1514013.6433415522,17000295.80227264,0.0,1467800.0520068877,7306455.78596558,7306455.785951043,0.0,0.0,0.0,0.0,133683781.10360298,132052685.52116606,1631095.5824369392 
 01/21  16:00:00,-20.599999999999998,0.0006125752582689679,100.0,-22.48175656071297,21.000167533052025,20.999999999999996,21.0,21.0,21.0,0.0,0.0,0.0,0.0,0.0,0.0,0.2499727716294519,0.0,0.1688242294436417,0.0,0.10296919877643194,0.0,0.16840484503136274,0.0,0.10304526396390266,23662155.846642435,0.0,1345505.1394482194,27803339.222399108,0.0,1510252.6090155703,16966642.3709433,0.0,1468884.342138812,26960587.904637646,0.0,1514013.6433415522,16953842.26844671,0.0,1467800.0520068877,7306455.78596558,7306455.785951043,0.0,0.0,0.0,0.0,132931268.89901401,131300139.7838977,1631129.115116301 
 01/21  17:00:00,-20.599999999999998,0.0006125752582689679,100.0,-22.48123245543937,20.003824123827115,21.0,21.0,21.0,20.999999999999996,0.0,0.0,0.0,0.0,0.0,0.0,0.2499727716294519,0.0,0.1688242294436417,0.0,0.10296919877643194,0.0,0.16840484503136274,0.0,0.10304526396390266,18882909.73375397,0.0,1345505.1394482194,27789814.426030956,0.0,1510252.6090155703,16954429.289024062,0.0,1468884.342138812,26947594.86342845,0.0,1514013.6433415522,16941640.91908285,0.0,1467800.0520068877,10070055.78596558,7306455.785951043,0.0,0.0,0.0,0.0,125334416.80671155,125262416.80671155,72000.0 
 01/21  18:00:00,-20.599999999999998,0.0006125752582689679,100.0,-22.480642748726023,20.000090931139926,21.0,20.999999999999996,21.0,21.0,0.0,0.0,0.0,0.0,0.0,0.0,0.2499727716294519,0.0,0.1688242294436417,0.0,0.10296919877643194,0.0,0.16840484503136274,0.0,0.10304526396390266,19911657.679446496,0.0,1345505.1394482194,27834624.026039533,0.0,1510252.6090155703,16972170.18212513,0.0,1468884.342138812,26992558.937076587,0.0,1514013.6433415522,16959388.479507253,0.0,1467800.0520068877,15597255.785965584,7306455.785951043,0.0,0.0,0.0,0.0,128336056.02005108,126704929.39780496,1631126.6222461185 
 01/21  19:00:00,-20.599999999999998,0.0006125752582689679,100.0,-22.480024412431987,19.655900428206404,20.35700144217208,20.342201869768505,20.39394938580654,20.342787187962674,1.6000000000000003,1.6000000000000003,1.6000000000000003,1.6000000000000003,1.6000000000000003,0.0,0.0,0.0,0.0,0.0,0.0,0.0,0.0,0.0,0.0,12083541.467942214,0.0,1076404.1115585756,18416125.60191867,0.0,1208202.0872124562,11639608.79978083,0.0,1175107.4737110496,17728212.45646104,0.0,1211210.9146732418,11628314.084475469,0.0,1174240.04160551,14135964.628775375,5845164.628760833,0.0,0.0,0.0,0.0,83694344.01140545,82063297.22727174,1631046.7841337281 
 01/21  20:00:00,-20.599999999999998,0.0006125752582689679,100.0,-22.479346648758064,19.423266087888415,19.950258834689254,19.91996832406453,19.997156474157016,19.92090368801379,1.3333333333333333,1.3333333333333333,1.3333333333333333,1.3333333333333333,1.3333333333333333,0.0,0.0,0.0,0.0,0.0,0.0,0.0,0.0,0.0,0.0,10554087.041981079,0.0,897003.426298813,16033751.225611955,0.0,1006835.0726770469,10154804.97462809,0.0,979256.2280925413,15427592.140622534,0.0,1009342.4288943682,10144942.654760035,0.0,978533.3680045917,13161770.523981903,4870970.523967361,0.0,0.0,0.0,0.0,73436405.94704337,71805259.39204541,1631146.5549979683 
 01/21  21:00:00,-20.599999999999998,0.0006125752582689679,100.0,-22.478670442117277,19.700116345243007,20.415722892509848,20.417639785997146,20.455705978306323,20.418170732004047,1.666666666666667,1.666666666666667,1.666666666666667,1.666666666666667,1.666666666666667,0.0,0.0,0.0,0.0,0.0,0.0,0.0,0.0,0.0,0.0,14460535.355637783,0.0,1121254.2828735162,21258536.625142746,0.0,1258543.8408463085,13517935.66001146,0.0,1224070.2851156767,20479484.31980807,0.0,1261678.0361179602,13504825.17725476,0.0,1223166.7100057397,14379513.154973743,6088713.154959202,0.0,0.0,0.0,0.0,96487754.97861952,96415754.97861952,72000.0 
 01/21  22:00:00,-20.599999999999998,0.0006125752582689679,100.0,-22.47806998786667,19.407865950864807,19.922604112351294,19.896560069593196,19.97000551400131,19.89750984602327,1.3333333333333333,1.3333333333333333,1.3333333333333333,1.3333333333333333,1.3333333333333333,0.0,0.0,0.0,0.0,0.0,0.0,0.0,0.0,0.0,0.0,10927601.812624287,0.0,897003.426298813,16440127.032208977,0.0,1006835.0726770469,10434428.546797512,0.0,979256.2280925413,15824003.829814311,0.0,1009342.4288943682,10424348.107510325,0.0,978533.3680045917,13161770.523981903,4870970.523967361,0.0,0.0,0.0,0.0,75605578.82390103,73974423.50623506,1631155.317665971 
 01/21  23:00:00,-20.599999999999998,0.0006125752582689679,100.0,-22.4776437572562,19.694820274425947,20.402921331479437,20.410712139960594,20.443144675720102,20.411247547212366,1.666666666666667,1.666666666666667,1.666666666666667,1.666666666666667,1.666666666666667,0.0,0.0,0.0,0.0,0.0,0.0,0.0,0.0,0.0,0.0,14761405.01157819,0.0,1121254.2828735162,21523387.839252792,0.0,1258543.8408463085,13702346.96428682,0.0,1224070.2851156767,20737778.918433744,0.0,1261678.0361179602,13689100.350868227,0.0,1223166.7100057397,14379513.154973743,6088713.154959202,0.0,0.0,0.0,0.0,99537749.69675195,97906632.4118257,1631117.2849262436 
 01/21  24:00:00,-20.599999999999998,0.0006125752582689679,100.0,-22.47748980498501,19.399619653333072,19.91160453357266,19.887405410525698,19.9592310212546,19.888360464581186,1.3333333333333333,1.3333333333333333,1.3333333333333333,1.3333333333333333,1.3333333333333333,0.0,0.0,0.0,0.0,0.0,0.0,0.0,0.0,0.0,0.0,11114909.941618916,0.0,897003.426298813,16594978.961891146,0.0,1006835.0726770469,10536888.1158601,0.0,979256.2280925413,15974821.750962391,0.0,1009342.4288943682,10526733.442176348,0.0,978533.3680045917,13161770.523981903,4870970.523967361,0.0,0.0,0.0,0.0,74918702.11067693,74846702.11067693,72000.0,273408622.9791221,2568108730.628806,227.22219133772694,0.1348938010374133,0.20701311834446676,0.2915863881763524,0.004917119679742929,0.5125091953567257,0.0,0.013974086296564353,0.0,0.0,0.009488797655098448,0.0000018268112940790694,0.000008142298705983955,117.8269771611414,0.0,0.0,63.658968069048036 
 07/21  01:00:00,22.051499999999994,0.017117074623747997,100.0,21.269613034329645,23.80789617109744,26.84678697612637,26.78520684589205,26.841309964180056,26.918296918226677,1.6666666666666667,1.3333333333333333,1.6666666666666667,1.3333333333333333,1.4444444444444446,0.0,0.0,0.0,0.0,0.0,0.0,0.0,0.0,0.0,0.0,1121254.282873516,15502084.157638455,1121254.2828735162,1006835.0726770484,4132572.577501905,1006835.0726770469,1224070.285115678,3908611.5424972754,1224070.2851156767,1009342.4288943666,3914386.8483749377,1009342.4288943682,1060077.81533831,3738137.0344381267,1060077.8153383075,59600151.33551228,5421579.884898916,6287385.357798815,0.0,19800193.046400003,19800193.046400003,72000.0,0.0,72000.0 
 07/21  02:00:00,21.534333333333336,0.016569972032583615,100.0,20.474889792930547,23.997417208240645,26.774874091631105,26.861458418370074,26.773675890974086,26.898186001542772,1.3333333333333333,1.6666666666666667,1.3333333333333333,1.6666666666666667,1.3333333333333333,0.0,0.0,0.0,0.0,0.0,0.0,0.0,0.0,0.0,0.0,897003.4262988127,12075113.529991252,897003.426298813,1258543.840846307,4739824.560608465,1258543.8408463085,979256.2280925426,3012458.212313356,979256.2280925413,1261678.0361179628,4539670.874229057,1261678.0361179602,978533.3680045942,3394724.602295718,978533.3680045917,58819968.20945535,5375014.899360215,5553767.217280586,0.0,19800193.046400003,19800193.046400003,1631072.9881678482,0.0,1631072.9881678482 
 07/21  03:00:00,21.16875,0.016193004809828025,100.0,19.856925270107805,23.80460866103263,26.848521267947394,26.785739756962098,26.847150800748455,26.80455424668702,1.666666666666667,1.3333333333333333,1.666666666666667,1.3333333333333333,1.666666666666667,0.0,0.0,0.0,0.0,0.0,0.0,0.0,0.0,0.0,0.0,1121254.2828735178,15166579.000550121,1121254.2828735162,1006835.0726770475,4026054.163223559,1006835.0726770469,1224070.2851156758,3844655.2615533904,1224070.2851156767,1009342.4288943677,3873954.726939846,1009342.4288943682,1223166.71000574,4300869.446466621,1223166.7100057397,59670521.29400946,5584668.779566348,6194666.421628563,0.0,19800193.046400003,19800193.046400003,72000.0,0.0,72000.0 
 07/21  04:00:00,20.847749999999998,0.015868576756972678,100.0,19.356219834225957,23.991982789545116,26.773260402742732,26.85709354251974,26.773165659745768,26.89044576478975,1.3333333333333333,1.6666666666666667,1.3333333333333333,1.6666666666666667,1.3333333333333333,0.0,0.0,0.0,0.0,0.0,0.0,0.0,0.0,0.0,0.0,897003.4262988132,11785975.471081119,897003.426298813,1258543.8408463092,4557707.5935182925,1258543.8408463085,979256.2280925403,2898302.487363888,979256.2280925413,1261678.0361179588,4406540.369485792,1261678.0361179602,978533.3680045917,3225431.3337244857,978533.3680045917,58582634.63220126,5375014.899360215,5316433.6400265,0.0,19800193.046400003,19800193.046400003,1631022.3970545481,0.0,1631022.3970545481 
 07/21  05:00:00,20.589166666666667,0.015611381877227467,100.0,18.941184986353285,23.79674905862738,26.842166135264012,26.781598991396027,26.843185737846827,26.798524149677885,1.666666666666667,1.3333333333333333,1.666666666666667,1.3333333333333333,1.666666666666667,0.0,0.0,0.0,0.0,0.0,0.0,0.0,0.0,0.0,0.0,1121254.2828735167,14826184.999714348,1121254.2828735162,1006835.0726770484,3820426.726157953,1006835.0726770469,1224070.285115676,3679541.5512586776,1224070.2851156767,1009342.4288943696,3725125.1101755425,1009342.4288943682,1223166.710005739,4048466.970846072,1223166.7100057397,55248493.19981611,5584668.779566348,5918038.3274352085,0.0,19800193.046400003,19800193.046400003,1631101.6189280383,0.0,1631101.6189280383 
 07/21  06:00:00,20.62483333333333,0.01564661381798291,100.0,19.4488670272949,23.994917311561707,26.77813949173252,27.00490796369699,26.795495572850356,26.896094815064092,1.3333333333333333,1.6666666666666667,1.3333333333333333,1.6666666666666667,1.3333333333333333,0.0,0.0,0.0,0.0,0.0,0.0,0.0,0.0,0.0,0.0,897003.4262988135,11683234.44350303,897003.426298813,1258543.8408463106,4718108.002664018,1258543.8408463085,979256.2280925428,3996077.068664984,979256.2280925413,1261678.036117962,5141788.835057217,1261678.0361179602,978533.3680045924,3176220.320782044,978533.3680045917,50634078.90542554,5375014.899360215,5658677.913250788,0.0,19800193.046400003,19800193.046400003,72000.0,0.0,72000.0 
 07/21  07:00:00,21.150916666666664,0.016175900436227863,100.0,22.79290658685693,23.561227847564183,24.067312504840533,24.124597964885293,24.096529487721877,24.053797836362616,0.0,0.0,0.0,0.0,0.0,0.0,0.0,0.0,0.0,0.0,0.0,0.0,0.0,0.0,0.0,1345505.1394482213,19156579.293576136,1345505.1394482194,1510252.6090155705,19442002.272390716,1510252.6090155703,1468884.3421388143,17810556.539586544,1468884.342138812,1514013.6433415525,19545686.701077886,1514013.6433415522,1467800.0520068894,13200977.266143465,1467800.0520068877,64720515.85242811,7306455.785951043,17813673.97366252,0.0,19800193.046400003,19800193.046400003,1631108.816058453,0.0,1631108.816058453 
 07/21  08:00:00,22.524083333333337,0.01763801654801009,100.0,28.46055763759392,23.499538259960087,23.999728898651625,23.99946505938271,23.999717028722646,23.999802727452543,0.0,0.0,0.0,0.0,0.0,0.0,0.2499727716294519,0.0,0.1688242294436417,0.0,0.10296919877643194,0.0,0.16840484503136274,0.0,0.10304526396390266,1345505.139448221,21649153.80805864,1345505.1394482194,1510252.6090155714,18318298.479637604,1510252.6090155703,1468884.3421388133,17794992.896686293,1468884.342138812,1514013.6433415525,17903567.497792274,1514013.6433415522,1467800.052006889,11796059.42498606,1467800.0520068877,64873783.38035683,7306455.785951043,17966941.501591258,0.0,19800193.046400003,19800193.046400003,1631183.0333984194,0.0,1631183.0333984194 
 07/21  09:00:00,24.467916666666667,0.01878466684211136,94.65880759107152,35.14258911057782,23.998362914664142,23.99939536603586,23.9992232571971,23.999425786194607,23.999586544370143,0.0,0.0,0.0,0.0,0.0,0.0,0.2499727716294519,0.0,0.1688242294436417,0.0,0.10296919877643194,0.0,0.16840484503136274,0.0,0.10304526396390266,1345505.1394482197,19908599.803504728,1345505.1394482194,1510252.609015572,19850489.049782053,1510252.6090155703,1468884.3421388133,18567977.22539569,1468884.342138812,1514013.643341552,19237784.265113913,1514013.6433415522,1467800.0520068884,12714270.980026295,1467800.0520068877,66100414.51989008,7306455.785951043,19193572.641124494,0.0,19800193.046400003,19800193.046400003,1631284.663616098,0.0,1631284.663616098 
 07/21  10:00:00,26.376083333333337,0.018788382826384457,84.51511056031256,41.46307304633834,23.99901438091669,23.999224662232937,23.999342414719305,23.99932799604544,23.999519721221024,0.0,0.0,0.0,0.0,0.0,0.0,0.2499727716294519,0.0,0.1688242294436417,0.0,0.10296919877643194,0.0,0.16840484503136274,0.0,0.10304526396390266,1345505.1394482201,21975353.95523738,1345505.1394482194,1510252.6090155714,21047136.336927157,1510252.6090155703,1468884.3421388126,17315246.913981035,1468884.342138812,1514013.6433415534,19883140.14713738,1514013.6433415522,1467800.052006888,13174603.218473664,1467800.0520068877,67633330.44378944,7306455.785951043,20726488.56502387,0.0,19800193.046400003,19800193.046400003,1631286.752945253,0.0,1631286.752945253 
 07/21  11:00:00,28.070249999999998,0.018791689372680474,76.52870532670644,46.89234784110905,23.90833780302277,23.998899777547717,23.999368796235036,23.99914280854264,23.999387449957293,0.0,0.0,0.0,0.0,0.0,0.0,0.2499727716294519,0.0,0.1688242294436417,0.0,0.10296919877643196,0.0,0.1684048450313628,0.0,0.10304526396390268,1345505.1394482206,23656184.67178985,1345505.1394482197,1510252.6090155724,22511463.613587618,1510252.6090155703,1468884.342138812,15322481.047819972,1468884.342138812,1514013.6433415527,20296127.957930304,1514013.6433415522,1467800.0520068896,13479688.702703208,1467800.0520068877,68928748.38319136,7306455.785951043,22021906.504425775,0.0,19800193.046400003,19800193.046400003,1631283.6155678895,0.0,1631283.6155678895 
 07/21  12:00:00,29.363166666666668,0.018794215292499708,70.99663356494814,51.06281424682683,23.62001228307777,23.99862170674574,23.999228844452542,23.9989448519181,23.99925322698476,0.0,0.0,0.0,0.0,0.0,0.0,0.2499727716294519,0.0,0.1688242294436417,0.0,0.10296919877643194,0.0,0.16840484503136274,0.0,0.10304526396390268,1345505.1394482204,25535514.774925407,1345505.1394482194,1510252.609015572,23495995.7412432,1510252.6090155703,1468884.342138813,14578014.06457445,1468884.342138812,1514013.643341551,20584591.39391963,1514013.6433415522,1467800.0520068887,13681337.114437245,1467800.0520068877,70257814.04394642,7306455.785951043,23350972.165180843,0.0,19800193.046400003,19800193.046400003,1631340.1601672438,0.0,1631340.1601672438 
 07/21  13:00:00,30.308333333333326,0.018796065085564848,67.24479048878274,53.62458868286763,23.613945826473373,23.99821218662665,23.99893253400407,23.998568523198898,23.999014474993672,0.0,0.0,0.0,0.0,0.0,0.0,0.2499727716294519,0.0,0.1688242294436417,0.0,0.10296919877643194,0.0,0.16840484503136274,0.0,0.10304526396390266,1345505.139448222,25434979.58075954,1345505.1394482194,1510252.6090155742,23870340.01384097,1510252.6090155703,1468884.3421388138,14648987.81904545,1468884.342138812,1514013.6433415548,20824806.258480188,1514013.6433415522,1467800.0520068868,13823830.03437579,1467800.0520068877,71006202.17693527,7306455.785951043,24099360.298169702,0.0,19800193.046400003,19800193.046400003,1631305.4301298363,0.0,1631305.4301298363 
 07/21  14:00:00,30.97708333333333,0.01879737442156374,64.72416140792247,54.51969017911895,23.643981931189504,23.9979395608633,23.99869242177716,23.99824233539194,23.998652734361656,0.0,0.0,0.0,0.0,0.0,0.0,0.2499727716294519,0.0,0.1688242294436417,0.0,0.10296919877643194,0.0,0.16840484503136274,0.0,0.10304526396390266,1345505.1394482204,25420575.02964023,1345505.1394482194,1510252.6090155696,23628421.39344214,1510252.6090155703,1468884.3421388112,14733147.753924388,1468884.342138812,1514013.643341551,21043485.77765183,1514013.6433415522,1467800.0520068884,15059390.174899638,1467800.0520068877,71729493.66111179,7306455.785951043,24822651.78234622,0.0,19800193.046400003,19800193.046400003,1631204.333540936,0.0,1631204.333540936 
 07/21  15:00:00,31.2,0.018797812636237657,63.906562167118985,53.74447134322188,23.65948364302838,23.99827820222124,23.998822427931966,23.998407182026423,23.998348678819898,0.0,0.0,0.0,0.0,0.0,0.0,0.2499727716294519,0.0,0.1688242294436417,0.0,0.10296919877643194,0.0,0.16840484503136274,0.0,0.10304526396390266,1345505.139448221,25414687.099105954,1345505.1394482194,1510252.6090155705,22921317.33648582,1510252.6090155703,1468884.342138813,14712240.496458419,1468884.342138812,1514013.643341551,21176365.668153256,1514013.6433415522,1467800.0520068875,17504762.464427207,1467800.0520068877,72332344.30502155,7306455.785951043,25425502.426255964,0.0,19800193.046400003,19800193.046400003,1631266.2860659403,0.0,1631266.2860659403 
 07/21  16:00:00,30.825499999999995,0.018797077757142875,65.2862341477679,51.34100253166587,23.649087733809694,23.998816688922542,23.99918534475336,23.998886169005107,23.998593915017523,0.0,0.0,0.0,0.0,0.0,0.0,0.2499727716294519,0.0,0.1688242294436417,0.0,0.10296919877643196,0.0,0.1684048450313628,0.0,0.10304526396390268,1345505.1394482197,25420644.28358293,1345505.1394482194,1510252.6090155726,22455974.2460166,1510252.6090155703,1468884.3421388124,14508990.923044167,1468884.342138812,1514013.6433415548,21116660.20329246,1514013.6433415522,1467800.0520068884,19279083.358518556,1467800.0520068877,72361517.16965336,7306455.785951043,25454675.290887777,0.0,19800193.046400003,19800193.046400003,1631271.8163639822,0.0,1631271.8163639822 
 07/21  17:00:00,30.058666666666664,0.018795576385312374,68.21245205499419,47.25733349299271,23.624825323474692,23.99902820204961,23.999354351716516,23.999101810959345,23.998847869313057,0.0,0.0,0.0,0.0,0.0,0.0,0.2499727716294519,0.0,0.1688242294436417,0.0,0.10296919877643196,0.0,0.1684048450313628,0.0,0.10304526396390268,1345505.1394482206,25462343.866206586,1345505.1394482197,1510252.609015571,22123074.35786769,1510252.6090155703,1468884.342138813,14163466.91624315,1468884.342138812,1514013.643341553,20843455.142541897,1514013.6433415522,1467800.0520068903,19768170.54121503,1467800.0520068877,71778255.738629,7306455.785951043,24871413.859863427,0.0,19800193.046400003,19800193.046400003,1631320.2853261114,0.0,1631320.2853261114 
 07/21  18:00:00,29.07783333333333,0.018793658648012287,72.17401472791536,41.920042149377586,23.58991648042105,23.999253414594218,23.99950548782603,23.999229402478935,23.999177265885493,0.0,0.0,0.0,0.0,0.0,0.0,0.2499727716294519,0.0,0.1688242294436417,0.0,0.10296919877643194,0.0,0.16840484503136274,0.0,0.10304526396390266,1345505.1394482204,25496469.742157806,1345505.1394482194,1510252.609015571,21552333.04725943,1510252.6090155703,1468884.3421388122,13724122.164823525,1468884.342138812,1514013.643341552,20987135.418828137,1514013.6433415522,1467800.0520068884,18948581.881249834,1467800.0520068877,70783992.15723494,7306455.785951043,23877150.27846936,0.0,19800193.046400003,19800193.046400003,1631214.7724171083,0.0,1631214.7724171083 
 07/21  19:00:00,27.695749999999993,0.018790957456427934,78.21594336569208,35.72283352944209,23.527778009823297,23.99932587126393,23.999533112557327,23.99930358736958,23.999436331923818,0.0,0.0,0.0,0.0,0.0,0.0,0.2499727716294519,0.0,0.1688242294436417,0.0,0.10296919877643194,0.0,0.16840484503136274,0.0,0.10304526396390266,1345505.1394482208,25437971.472302206,1345505.1394482194,1510252.6090155724,20410133.482728228,1510252.6090155703,1468884.342138813,13128055.428378131,1468884.342138812,1514013.6433415539,20259113.393719587,1514013.6433415522,1467800.0520068884,16132595.247225842,1467800.0520068877,68773400.52116682,7306455.785951043,21866558.642401233,0.0,19800193.046400003,19800193.046400003,72000.0,0.0,72000.0 
 07/21  20:00:00,26.340416666666666,0.01878831278209954,84.66702380546965,29.978847770125785,23.498566043283105,23.999234496535053,23.999461941903224,23.999289158941213,23.999496671999285,0.0,0.0,0.0,0.0,0.0,0.0,0.2499727716294519,0.0,0.1688242294436417,0.0,0.10296919877643194,0.0,0.16840484503136277,0.0,0.10304526396390266,1345505.1394482206,24554099.067348577,1345505.1394482194,1510252.609015571,19216588.378925204,1510252.6090155703,1468884.3421388108,12501573.147494018,1468884.342138812,1514013.6433415525,18478316.70388614,1514013.6433415522,1467800.0520068887,13341479.000474628,1467800.0520068877,73349242.51071022,7306455.785951043,19533400.631944627,0.0,19800193.046400003,19800193.046400003,1631161.3499231592,0.0,1631161.3499231592 
 07/21  21:00:00,25.28825,0.018786263682413828,90.09705420550897,26.68342448131622,23.498068311335288,23.998937669319478,23.999269636395805,23.998985570263102,23.99923187221822,0.0,0.0,0.0,0.0,0.0,0.0,0.2499727716294519,0.0,0.1688242294436417,0.0,0.10296919877643194,0.0,0.16840484503136274,0.0,0.10304526396390266,1345505.1394482194,24001172.971260548,1345505.1394482194,1510252.6090155714,18600996.77940333,1510252.6090155703,1468884.3421388138,12118640.234115139,1468884.342138812,1514013.643341553,17895981.465400316,1514013.6433415522,1467800.0520068894,12759442.035296546,1467800.0520068877,73621747.87117904,7306455.785951043,18424105.992413443,0.0,19800193.046400003,19800193.046400003,1631126.0862268384,0.0,1631126.0862268384 
 07/21  22:00:00,24.32525,0.018784389150601623,95.4198025697807,24.693283459526977,23.497300429047822,23.998527868174197,23.99901891272528,23.998578842308977,23.998949644613997,0.0,0.0,0.0,0.0,0.0,0.0,0.2499727716294519,0.0,0.1688242294436417,0.0,0.10296919877643194,0.0,0.16840484503136274,0.0,0.10304526396390266,1345505.1394482204,23590341.545217015,1345505.1394482194,1510252.6090155696,18101054.63525369,1510252.6090155703,1468884.342138813,11794357.59941637,1468884.342138812,1514013.643341553,17469331.96847215,1514013.6433415522,1467800.0520068868,12436363.858642425,1467800.0520068877,72761527.84170008,7306455.785951043,17563885.962934494,0.0,19800193.046400003,19800193.046400003,72000.0,0.0,72000.0 
 07/21  23:00:00,23.487083333333334,0.018643269531411908,99.6026538985975,23.328847143802715,23.83546868531162,26.661162365180314,26.586520118229227,26.621457339289606,26.59028727313873,1.5999999999999999,0.0,0.6666666666666666,0.0,1.0,0.0,0.0,0.0,0.0,0.0,0.0,0.0,0.0,0.0,0.0,1076404.1115585754,14256548.59043029,1076404.1115585756,0.0,0.0,0.0,489628.114046271,1384779.2780665685,489628.11404627067,0.0,0.0,0.0,733900.0260034417,2136978.898186664,733900.0260034438,53924334.48020001,2299932.2516082902,3733216.135777168,0.0,19800193.046400003,19800193.046400003,1631115.56218653,0.0,1631115.56218653 
 07/21  24:00:00,22.738083333333332,0.01786823307018887,100.0,22.225126632973687,23.999858364902796,26.778903104144224,26.85164492903129,26.77422398613577,26.893821726257045,1.3333333333333337,1.6666666666666667,1.3333333333333337,1.6666666666666667,1.3333333333333333,0.0,0.0,0.0,0.0,0.0,0.0,0.0,0.0,0.0,0.0,897003.4262988137,12381781.460710837,897003.426298813,1258543.8408463076,4880208.930103194,1258543.8408463085,979256.2280925426,2888211.071510315,979256.2280925413,1261678.03611796,4570711.888781269,1261678.0361179602,978533.3680045942,3470210.374330172,978533.3680045917,59053299.532005765,5375014.899360215,5787098.539830998,0.0,19800193.046400003,19800193.046400003,1631066.1016454818,0.0,1631066.1016454818,1576545812.1655698,31352736.06972972,540.3391815662081,0.1882293074920187,1.1780282647503484,0.9824097887455154,0.012689743680299112,2.9513021629072145,0.0,0.027528687996049607,0.0,0.0,0.016146832467109153,0.000008893621988505388,0.000043803120794742394,679.4212464093008,0.0,0.0,155.76432018543272 
